pokedex_id,pokemon_name,total,HP,attack,defense,special_attack,special_defense,speed,pokemon_type,evolves_from,japanese_name,link_image,link_url,generation,species_id,height,weight,base_experience,type_1,type_2,ability_1,ability_2,ability_hidden,color_1,color_2,color_f,egg_group_1,egg_group_2,generation_id,evolves_from_species_id,evolution_chain_id,shape_id,shape,Average_CP,Max_CP,Average_HP,Max_HP,Candy_To_Evolve,Tier
1,Bulbasaur,318,45,49,49,65,65,45,"GRASS,POISON",Egg,Fushigidane,001.png,http://assets.pokemon.com/assets/cms2/img/pokedex/full/001.png,1,1,7,69,64,grass,poison,overgrow,,chlorophyll,#78C850,#A040A0,#81A763,monster,plant,1,,1,8,quadruped,951,1071,77,1071,25,UNCOMMON
2,Ivysaur,405,60,62,63,80,80,60,"GRASS,POISON",Bulbasaur,Fushigisou,002.png,http://assets.pokemon.com/assets/cms2/img/pokedex/full/002.png,1,2,10,130,142,grass,poison,overgrow,,chlorophyll,#78C850,#A040A0,#81A763,monster,plant,1,1,1,8,quadruped,1483,1632,100,1632,100,VERY RARE
3,Venusaur,525,80,82,83,100,100,80,"GRASS,POISON",Ivysaur,Fushigibana,003.png,http://assets.pokemon.com/assets/cms2/img/pokedex/full/003.png,1,3,20,1000,236,grass,poison,overgrow,,chlorophyll,#78C850,#A040A0,#81A763,monster,plant,1,2,1,8,quadruped,2392,2580,132,2580,0,EPIC
4,Charmander,309,39,52,43,60,50,65,FIRE,Egg,Hitokage,004.png,http://assets.pokemon.com/assets/cms2/img/pokedex/full/004.png,1,4,6,85,62,fire,,blaze,,solar-power,#F08030,,,monster,dragon,1,,2,6,upright,841,955,67,955,25,UNCOMMON
5,Charmeleon,405,58,64,58,80,65,80,FIRE,Charmander,Lizardo,005.png,http://assets.pokemon.com/assets/cms2/img/pokedex/full/005.png,1,5,11,190,142,fire,,blaze,,solar-power,#F08030,,,monster,dragon,1,4,2,6,upright,1411,1557,97,1557,100,VERY RARE
6,Charizard,534,78,84,78,109,85,100,"FIRE,FLYING",Charmeleon,Lizardon,006.png,http://assets.pokemon.com/assets/cms2/img/pokedex/full/006.png,1,6,17,905,240,fire,flying,blaze,,solar-power,#F08030,#A890F0,#DE835E,monster,dragon,1,5,2,6,upright,2413,2602,129,2602,0,EPIC
7,Squirtle,314,44,48,65,50,64,43,WATER,Egg,Zenigame,007.png,http://assets.pokemon.com/assets/cms2/img/pokedex/full/007.png,1,7,5,90,63,water,,torrent,,rain-dish,#6890F0,,,monster,water1,1,,3,6,upright,891,1008,75,1008,25,UNCOMMON
8,Wartortle,405,59,63,80,65,80,58,WATER,Squirtle,Kameil,008.png,http://assets.pokemon.com/assets/cms2/img/pokedex/full/008.png,1,8,10,225,142,water,,torrent,,rain-dish,#6890F0,,,monster,water1,1,7,3,6,upright,1435,1582,99,1582,100,VERY RARE
9,Blastoise,530,79,83,100,85,105,78,WATER,Wartortle,Kamex,009.png,http://assets.pokemon.com/assets/cms2/img/pokedex/full/009.png,1,9,16,855,239,water,,torrent,,rain-dish,#6890F0,,,monster,water1,1,8,3,6,upright,2355,2542,130,2542,0,EPIC
10,Caterpie,195,45,30,35,20,20,45,BUG,Egg,Caterpie,010.png,http://assets.pokemon.com/assets/cms2/img/pokedex/full/010.png,1,10,3,29,39,bug,,shield-dust,,run-away,#A8B820,,,bug,,1,,4,2,squiggle,367,443,77,443,12,COMMON
11,Metapod,205,50,20,55,25,25,30,BUG,Caterpie,Transel,011.png,http://assets.pokemon.com/assets/cms2/img/pokedex/full/011.png,1,11,7,99,72,bug,,shed-skin,,,#A8B820,,,bug,,1,10,4,2,squiggle,397,477,84,477,50,UNCOMMON
12,Butterfree,395,60,45,50,90,80,70,"BUG,FLYING",Metapod,Butterfree,012.png,http://assets.pokemon.com/assets/cms2/img/pokedex/full/012.png,1,12,11,320,178,bug,flying,compound-eyes,,tinted-lens,#A8B820,#A890F0,#A8AE52,bug,,1,11,4,13,bug-wings,1315,1454,100,1454,0,RARE
13,Weedle,195,40,35,30,20,20,50,"BUG,POISON",Egg,Beedle,013.png,http://assets.pokemon.com/assets/cms2/img/pokedex/full/013.png,1,13,3,32,39,bug,poison,shield-dust,,run-away,#A8B820,#A040A0,#A69A3F,bug,,1,,5,2,squiggle,372,449,69,449,12,COMMON
14,Kakuna,205,45,25,50,25,25,35,"BUG,POISON",Weedle,Cocoon,014.png,http://assets.pokemon.com/assets/cms2/img/pokedex/full/014.png,1,14,6,100,72,bug,poison,shed-skin,,,#A8B820,#A040A0,#A69A3F,bug,,1,13,5,2,squiggle,405,485,77,485,50,UNCOMMON
15,Beedrill,395,65,90,40,45,80,75,"BUG,POISON",Kakuna,Spear,015.png,http://assets.pokemon.com/assets/cms2/img/pokedex/full/015.png,1,15,10,295,178,bug,poison,swarm,,sniper,#A8B820,#A040A0,#A69A3F,bug,,1,14,5,13,bug-wings,1301,1439,108,1439,0,VERY RARE
16,Pidgey,251,40,45,40,35,35,56,"NORMAL,FLYING",Egg,Poppo,016.png,http://assets.pokemon.com/assets/cms2/img/pokedex/full/016.png,1,16,3,18,50,normal,flying,keen-eye,tangled-feet,big-pecks,#A8A878,#A890F0,#A8A295,flying,,1,,6,9,wings,585,679,69,679,12,CRITTER
17,Pidgeotto,349,63,60,55,50,50,71,"NORMAL,FLYING",Pidgey,Pigeon,017.png,http://assets.pokemon.com/assets/cms2/img/pokedex/full/017.png,1,17,11,300,122,normal,flying,keen-eye,tangled-feet,big-pecks,#A8A878,#A890F0,#A8A295,flying,,1,16,6,9,wings,1096,1223,105,1223,50,UNCOMMON
18,Pidgeot,479,83,80,75,70,70,101,"NORMAL,FLYING",Pidgeotto,Pigeot,018.png,http://assets.pokemon.com/assets/cms2/img/pokedex/full/018.png,1,18,15,395,216,normal,flying,keen-eye,tangled-feet,big-pecks,#A8A878,#A890F0,#A8A295,flying,,1,17,6,9,wings,1923,2091,137,2091,0,VERY RARE
19,Rattata,253,30,56,35,25,35,72,NORMAL,Egg,Koratta,019.png,http://assets.pokemon.com/assets/cms2/img/pokedex/full/019.png,1,19,3,35,51,normal,,run-away,guts,hustle,#A8A878,,,ground,,1,,7,8,quadruped,493,581,53,581,25,CRITTER
20,Raticate,413,55,81,60,50,70,97,NORMAL,Rattata,Ratta,020.png,http://assets.pokemon.com/assets/cms2/img/pokedex/full/020.png,1,20,7,185,145,normal,,run-away,guts,hustle,#A8A878,,,ground,,1,19,7,8,quadruped,1304,1444,92,1444,0,UNCOMMON
21,Spearow,262,40,60,30,31,31,70,"NORMAL,FLYING",Egg,Onisuzume,021.png,http://assets.pokemon.com/assets/cms2/img/pokedex/full/021.png,1,21,3,20,52,normal,flying,keen-eye,,sniper,#A8A878,#A890F0,#A8A295,flying,,1,,8,9,wings,591,686,69,686,50,UNCOMMON
22,Fearow,442,65,90,65,61,61,100,"NORMAL,FLYING",Spearow,Onidrill,022.png,http://assets.pokemon.com/assets/cms2/img/pokedex/full/022.png,1,22,12,380,155,normal,flying,keen-eye,,sniper,#A8A878,#A890F0,#A8A295,flying,,1,21,8,9,wings,1592,1746,108,1746,0,RARE
23,Ekans,288,35,60,44,40,54,55,POISON,Egg,Arbo,023.png,http://assets.pokemon.com/assets/cms2/img/pokedex/full/023.png,1,23,20,69,58,poison,,intimidate,shed-skin,unnerve,#A040A0,,,ground,dragon,1,,9,2,squiggle,718,824,61,824,50,COMMON
24,Arbok,438,60,85,69,65,79,80,POISON,Ekans,Arbok,024.png,http://assets.pokemon.com/assets/cms2/img/pokedex/full/024.png,1,24,35,650,153,poison,,intimidate,shed-skin,unnerve,#A040A0,,,ground,dragon,1,23,9,2,squiggle,1611,1767,100,1767,0,UNCOMMON
25,Pikachu,320,35,55,40,50,50,90,ELECTRIC,Pichu,Pikachu,025.png,http://assets.pokemon.com/assets/cms2/img/pokedex/full/025.png,1,25,4,60,112,electric,,static,,lightning-rod,#F8D030,,,ground,fairy,1,172,10,8,quadruped,777,887,61,887,50,UNCOMMON
26,Raichu,485,60,90,55,90,80,110,ELECTRIC,Pikachu,Raichu,026.png,http://assets.pokemon.com/assets/cms2/img/pokedex/full/026.png,1,26,8,300,218,electric,,static,,lightning-rod,#F8D030,,,ground,fairy,1,25,10,6,upright,1859,2028,100,2028,0,VERY RARE
27,Sandshrew,300,50,75,85,20,30,40,GROUND,Egg,Sand,027.png,http://assets.pokemon.com/assets/cms2/img/pokedex/full/027.png,1,27,6,120,60,ground,,sand-veil,,sand-rush,#E0C068,,,ground,,1,,11,6,upright,695,798,84,798,50,COMMON
28,Sandslash,450,75,100,110,45,55,65,GROUND,Sandshrew,Sandpan,028.png,http://assets.pokemon.com/assets/cms2/img/pokedex/full/028.png,1,28,10,295,158,ground,,sand-veil,,sand-rush,#E0C068,,,ground,,1,27,11,6,upright,1654,1810,124,1810,0,UNCOMMON
29,Nidoran♀,275,55,47,52,40,40,41,POISON,Egg,Nidoran♀,029.png,http://assets.pokemon.com/assets/cms2/img/pokedex/full/029.png,1,29,4,70,55,poison,,poison-point,rivalry,hustle,#A040A0,,,monster,ground,1,,12,8,quadruped,768,876,92,876,25,COMMON
30,Nidorina,365,70,62,67,55,55,56,POISON,Nidoran♀,Nidorina,030.png,http://assets.pokemon.com/assets/cms2/img/pokedex/full/030.png,1,30,8,200,128,poison,,poison-point,rivalry,hustle,#A040A0,,,no-eggs,,1,29,12,8,quadruped,1267,1404,116,1404,100,RARE
31,Nidoqueen,505,90,92,87,75,85,76,"POISON,GROUND",Nidorina,Nidoqueen,031.png,http://assets.pokemon.com/assets/cms2/img/pokedex/full/031.png,1,31,13,600,227,poison,ground,poison-point,rivalry,sheer-force,#A040A0,#E0C068,#AF5F92,no-eggs,,1,30,12,6,upright,2301,2485,148,2485,0,VERY RARE
32,Nidoran♂,273,46,57,40,40,40,50,POISON,Egg,Nidoran♂,032.png,http://assets.pokemon.com/assets/cms2/img/pokedex/full/032.png,1,32,5,90,55,poison,,poison-point,rivalry,hustle,#A040A0,,,monster,ground,1,,13,8,quadruped,737,843,78,843,25,COMMON
33,Nidorino,365,61,72,57,55,55,65,POISON,Nidoran♂,Nidorino,033.png,http://assets.pokemon.com/assets/cms2/img/pokedex/full/033.png,1,33,9,195,128,poison,,poison-point,rivalry,hustle,#A040A0,,,monster,ground,1,32,13,8,quadruped,1236,1372,102,1372,100,RARE
34,Nidoking,505,81,102,77,85,75,85,"POISON,GROUND",Nidorino,Nidoking,034.png,http://assets.pokemon.com/assets/cms2/img/pokedex/full/034.png,1,34,14,620,227,poison,ground,poison-point,rivalry,sheer-force,#A040A0,#E0C068,#AF5F92,monster,ground,1,33,13,6,upright,2291,2475,133,2475,0,VERY RARE
35,Clefairy,323,70,45,48,60,65,35,FAIRY,Cleffa,Pippi,035.png,http://assets.pokemon.com/assets/cms2/img/pokedex/full/035.png,1,35,6,75,113,fairy,,cute-charm,magic-guard,friend-guard,#EE99AC,,,fairy,,1,173,14,6,upright,1074,1200,116,1200,50,UNCOMMON
36,Clefable,483,95,70,73,95,90,60,FAIRY,Clefairy,Pixy,036.png,http://assets.pokemon.com/assets/cms2/img/pokedex/full/036.png,1,36,13,400,217,fairy,,cute-charm,magic-guard,unaware,#EE99AC,,,fairy,,1,35,14,6,upright,2217,2397,156,2397,0,EPIC
37,Vulpix,299,38,41,40,50,65,65,FIRE,Egg,Rokon,037.png,http://assets.pokemon.com/assets/cms2/img/pokedex/full/037.png,1,37,6,99,60,fire,,flash-fire,,drought,#F08030,,,ground,,1,,15,8,quadruped,725,831,65,831,50,UNCOMMON
38,Ninetales,505,73,76,75,81,100,100,FIRE,Vulpix,Kyukon,038.png,http://assets.pokemon.com/assets/cms2/img/pokedex/full/038.png,1,38,11,199,177,fire,,flash-fire,,drought,#F08030,,,ground,,1,37,15,8,quadruped,2015,2188,121,2188,0,RARE
39,Jigglypuff,270,115,45,20,45,25,20,"NORMAL,FAIRY",Igglybuff,Purin,039.png,http://assets.pokemon.com/assets/cms2/img/pokedex/full/039.png,1,39,5,55,95,normal,fairy,cute-charm,competitive,friend-guard,#A8A878,#EE99AC,#B8A484,fairy,,1,174,16,12,humanoid,796,917,187,917,50,UNCOMMON
40,Wigglytuff,435,140,70,45,85,50,45,"NORMAL,FAIRY",Jigglypuff,Pukurin,040.png,http://assets.pokemon.com/assets/cms2/img/pokedex/full/040.png,1,40,10,120,196,normal,fairy,cute-charm,competitive,frisk,#A8A878,#EE99AC,#B8A484,fairy,,1,39,16,12,humanoid,1997,2177,227,2177,0,RARE
41,Zubat,245,40,45,35,30,40,55,"POISON,FLYING",Egg,Zubat,041.png,http://assets.pokemon.com/assets/cms2/img/pokedex/full/041.png,1,41,8,75,49,poison,flying,inner-focus,,infiltrator,#A040A0,#A890F0,#A153B3,flying,,1,,17,9,wings,550,642,69,642,50,CRITTER
42,Golbat,455,75,80,70,65,75,90,"POISON,FLYING",Zubat,Golbat,042.png,http://assets.pokemon.com/assets/cms2/img/pokedex/full/042.png,1,42,16,550,159,poison,flying,inner-focus,,infiltrator,#A040A0,#A890F0,#A153B3,flying,,1,41,17,9,wings,1760,1921,124,1921,0,UNCOMMON
43,Oddish,320,45,50,55,75,65,30,"GRASS,POISON",Egg,Nazonokusa,043.png,http://assets.pokemon.com/assets/cms2/img/pokedex/full/043.png,1,43,5,54,64,grass,poison,chlorophyll,,run-away,#78C850,#A040A0,#81A763,plant,,1,,18,7,legs,1023,1148,77,1148,25,COMMON
44,Gloom,395,60,65,70,85,75,40,"GRASS,POISON",Oddish,Kusaihana,044.png,http://assets.pokemon.com/assets/cms2/img/pokedex/full/044.png,1,44,8,86,138,grass,poison,chlorophyll,,stench,#78C850,#A040A0,#81A763,plant,,1,43,18,12,humanoid,1537,1689,100,1689,100,RARE
45,Vileplume,490,75,80,85,110,90,50,"GRASS,POISON",Gloom,Ruffresia,045.png,http://assets.pokemon.com/assets/cms2/img/pokedex/full/045.png,1,45,12,186,221,grass,poison,chlorophyll,,effect-spore,#78C850,#A040A0,#81A763,plant,,1,44,18,12,humanoid,2307,2492,124,2492,0,VERY RARE
46,Paras,285,35,70,55,45,55,25,"BUG,GRASS",Egg,Paras,046.png,http://assets.pokemon.com/assets/cms2/img/pokedex/full/046.png,1,46,3,54,57,bug,grass,effect-spore,dry-skin,damp,#A8B820,#78C850,#9CBB2B,bug,plant,1,,19,14,armor,804,916,61,916,50,COMMON
47,Parasect,405,60,95,80,60,80,30,"BUG,GRASS",Paras,Parasect,047.png,http://assets.pokemon.com/assets/cms2/img/pokedex/full/047.png,1,47,10,295,142,bug,grass,effect-spore,dry-skin,damp,#A8B820,#78C850,#9CBB2B,bug,plant,1,46,19,14,armor,1592,1747,100,1747,0,RARE
48,Venonat,305,60,55,50,40,55,45,"BUG,POISON",Egg,Kongpang,048.png,http://assets.pokemon.com/assets/cms2/img/pokedex/full/048.png,1,48,10,300,61,bug,poison,compound-eyes,tinted-lens,run-away,#A8B820,#A040A0,#A69A3F,bug,,1,,20,12,humanoid,912,1029,100,1029,50,COMMON
49,Venomoth,450,70,65,60,90,75,90,"BUG,POISON",Venonat,Morphon,049.png,http://assets.pokemon.com/assets/cms2/img/pokedex/full/049.png,1,49,15,125,158,bug,poison,shield-dust,tinted-lens,wonder-skin,#A8B820,#A040A0,#A69A3F,bug,,1,48,20,13,bug-wings,1730,1890,116,1890,0,VERY RARE
50,Diglett,265,10,55,25,35,45,95,GROUND,Egg,Digda,050.png,http://assets.pokemon.com/assets/cms2/img/pokedex/full/050.png,1,50,2,8,53,ground,,sand-veil,arena-trap,sand-force,#E0C068,,,ground,,1,,21,5,blob,365,456,21,456,50,COMMON
51,Dugtrio,405,35,80,50,50,70,120,GROUND,Diglett,Dugtrio,051.png,http://assets.pokemon.com/assets/cms2/img/pokedex/full/051.png,1,51,7,333,142,ground,,sand-veil,arena-trap,sand-force,#E0C068,,,ground,,1,50,21,11,heads,1038,1168,61,1168,0,RARE
52,Meowth,290,40,45,35,40,40,90,NORMAL,Egg,Nyarth,052.png,http://assets.pokemon.com/assets/cms2/img/pokedex/full/052.png,1,52,4,42,58,normal,,pickup,technician,unnerve,#A8A878,,,ground,,1,,22,8,quadruped,656,756,69,756,50,COMMON
53,Persian,440,65,70,60,65,65,115,NORMAL,Meowth,Persian,053.png,http://assets.pokemon.com/assets/cms2/img/pokedex/full/053.png,1,53,10,320,154,normal,,limber,technician,unnerve,#A8A878,,,ground,,1,52,22,8,quadruped,1483,1631,108,1631,0,UNCOMMON
54,Psyduck,320,50,52,48,65,50,55,WATER,Egg,Koduck,054.png,http://assets.pokemon.com/assets/cms2/img/pokedex/full/054.png,1,54,8,196,64,water,,damp,cloud-nine,swift-swim,#6890F0,,,water1,ground,1,,23,6,upright,987,1109,84,1109,50,UNCOMMON
55,Golduck,500,80,82,78,95,80,85,WATER,Psyduck,Golduck,055.png,http://assets.pokemon.com/assets/cms2/img/pokedex/full/055.png,1,55,17,766,175,water,,damp,cloud-nine,swift-swim,#6890F0,,,water1,ground,1,54,23,6,upright,2206,2386,132,2386,0,RARE
56,Mankey,305,40,80,35,35,45,70,FIGHTING,Egg,Mankey,056.png,http://assets.pokemon.com/assets/cms2/img/pokedex/full/056.png,1,56,5,280,61,fighting,,vital-spirit,anger-point,defiant,#C03028,,,ground,,1,,24,6,upright,769,878,69,878,50,COMMON
57,Primeape,455,65,105,60,60,70,95,FIGHTING,Mankey,Okorizaru,057.png,http://assets.pokemon.com/assets/cms2/img/pokedex/full/057.png,1,57,10,320,159,fighting,,vital-spirit,anger-point,defiant,#C03028,,,ground,,1,56,24,6,upright,1704,1864,108,1864,0,RARE
58,Growlithe,350,55,70,45,70,50,60,FIRE,Egg,Gardie,058.png,http://assets.pokemon.com/assets/cms2/img/pokedex/full/058.png,1,58,7,190,70,fire,,intimidate,flash-fire,justified,#F08030,,,ground,,1,,25,8,quadruped,1199,1335,92,1335,50,UNCOMMON
59,Arcanine,555,90,110,80,100,80,95,FIRE,Growlithe,Windie,059.png,http://assets.pokemon.com/assets/cms2/img/pokedex/full/059.png,1,59,19,1550,194,fire,,intimidate,flash-fire,justified,#F08030,,,ground,,1,58,25,8,quadruped,2781,2983,148,2983,0,RARE
60,Poliwag,300,40,50,40,40,40,90,WATER,Egg,Nyoromo,060.png,http://assets.pokemon.com/assets/cms2/img/pokedex/full/060.png,1,60,6,124,60,water,,water-absorb,damp,swift-swim,#6890F0,,,water1,,1,,26,7,legs,693,795,69,795,25,COMMON
61,Poliwhirl,385,65,65,65,50,50,90,WATER,Poliwag,Nyorozo,061.png,http://assets.pokemon.com/assets/cms2/img/pokedex/full/061.png,1,61,10,200,135,water,,water-absorb,damp,swift-swim,#6890F0,,,water1,,1,60,26,12,humanoid,1206,1340,108,1340,100,RARE
62,Poliwrath,510,90,95,95,70,90,70,"WATER,FIGHTING",Poliwhirl,Nyorobon,062.png,http://assets.pokemon.com/assets/cms2/img/pokedex/full/062.png,1,62,13,540,230,water,fighting,water-absorb,damp,swift-swim,#6890F0,#C03028,#7D78BF,water1,,1,61,26,12,humanoid,2321,2505,148,2505,0,VERY RARE
63,Abra,310,25,20,15,105,55,90,PSYCHIC,Egg,Casey,063.png,http://assets.pokemon.com/assets/cms2/img/pokedex/full/063.png,1,63,9,195,62,psychic,,synchronize,inner-focus,magic-guard,#F85888,,,humanshape,,1,,27,6,upright,508,600,45,600,25,UNCOMMON
64,Kadabra,400,40,35,30,120,70,105,PSYCHIC,Abra,Yungerer,064.png,http://assets.pokemon.com/assets/cms2/img/pokedex/full/064.png,1,64,13,565,140,psychic,,synchronize,inner-focus,magic-guard,#F85888,,,humanshape,,1,63,27,6,upright,1005,1131,69,1131,100,UNCOMMON
65,Alakazam,500,55,50,45,135,95,120,PSYCHIC,Kadabra,Foodin,065.png,http://assets.pokemon.com/assets/cms2/img/pokedex/full/065.png,1,65,15,480,225,psychic,,synchronize,inner-focus,magic-guard,#F85888,,,humanshape,,1,64,27,12,humanoid,1654,1813,92,1813,0,VERY RARE
66,Machop,305,70,80,50,35,35,35,FIGHTING,Egg,Wanriky,066.png,http://assets.pokemon.com/assets/cms2/img/pokedex/full/066.png,1,66,8,195,61,fighting,,guts,no-guard,steadfast,#C03028,,,humanshape,,1,,28,6,upright,968,1089,116,1089,25,COMMON
67,Machoke,405,80,100,70,50,60,45,FIGHTING,Machop,Goriky,067.png,http://assets.pokemon.com/assets/cms2/img/pokedex/full/067.png,1,67,15,705,142,fighting,,guts,no-guard,steadfast,#C03028,,,humanshape,,1,66,28,12,humanoid,1606,1760,132,1760,100,RARE
68,Machamp,505,90,130,80,65,85,55,FIGHTING,Machoke,Kairiky,068.png,http://assets.pokemon.com/assets/cms2/img/pokedex/full/068.png,1,68,16,1300,227,fighting,,guts,no-guard,steadfast,#C03028,,,humanshape,,1,67,28,12,humanoid,2406,2594,148,2594,0,RARE
69,Bellsprout,300,50,75,35,70,30,40,"GRASS,POISON",Egg,Madatsubomi,069.png,http://assets.pokemon.com/assets/cms2/img/pokedex/full/069.png,1,69,7,40,60,grass,poison,chlorophyll,,gluttony,#78C850,#A040A0,#81A763,plant,,1,,29,12,humanoid,990,1117,84,1117,25,COMMON
70,Weepinbell,390,65,90,50,85,45,55,"GRASS,POISON",Bellsprout,Utsudon,070.png,http://assets.pokemon.com/assets/cms2/img/pokedex/full/070.png,1,70,10,64,137,grass,poison,chlorophyll,,gluttony,#78C850,#A040A0,#81A763,plant,,1,69,29,5,blob,1567,1723,108,1723,100,VERY RARE
71,Victreebel,490,80,105,65,100,70,70,"GRASS,POISON",Weepinbell,Utsubot,071.png,http://assets.pokemon.com/assets/cms2/img/pokedex/full/071.png,1,71,17,155,221,grass,poison,chlorophyll,,gluttony,#78C850,#A040A0,#81A763,plant,,1,70,29,5,blob,2342,2530,132,2530,0,VERY RARE
72,Tentacool,335,40,40,35,50,100,70,"WATER,POISON",Egg,Menokurage,072.png,http://assets.pokemon.com/assets/cms2/img/pokedex/full/072.png,1,72,9,455,67,water,poison,clear-body,liquid-ooze,rain-dish,#6890F0,#A040A0,#757CDC,water3,,1,,30,10,tentacles,794,905,69,905,50,UNCOMMON
73,Tentacruel,515,80,70,65,80,120,100,"WATER,POISON",Tentacool,Dokukurage,073.png,http://assets.pokemon.com/assets/cms2/img/pokedex/full/073.png,1,73,16,550,180,water,poison,clear-body,liquid-ooze,rain-dish,#6890F0,#A040A0,#757CDC,water3,,1,72,30,10,tentacles,2046,2220,132,2220,0,RARE
74,Geodude,300,40,80,100,30,30,20,"ROCK,GROUND",Egg,Ishitsubute,074.png,http://assets.pokemon.com/assets/cms2/img/pokedex/full/074.png,1,74,4,200,60,rock,ground,rock-head,sturdy,sand-veil,#B8A038,#E0C068,#C1A743,mineral,,1,,31,4,arms,742,849,69,849,25,COMMON
75,Graveler,390,55,95,115,45,45,35,"ROCK,GROUND",Geodude,Golone,075.png,http://assets.pokemon.com/assets/cms2/img/pokedex/full/075.png,1,75,10,1050,137,rock,ground,rock-head,sturdy,sand-veil,#B8A038,#E0C068,#C1A743,mineral,,1,74,31,12,humanoid,1294,1433,92,1433,100,UNCOMMON
76,Golem,495,80,120,130,55,65,45,"ROCK,GROUND",Graveler,Golonya,076.png,http://assets.pokemon.com/assets/cms2/img/pokedex/full/076.png,1,76,14,3000,223,rock,ground,rock-head,sturdy,sand-veil,#B8A038,#E0C068,#C1A743,mineral,,1,75,31,12,humanoid,2126,2303,132,2303,0,VERY RARE
77,Ponyta,410,50,85,55,65,65,90,FIRE,Egg,Ponyta,077.png,http://assets.pokemon.com/assets/cms2/img/pokedex/full/077.png,1,77,10,300,82,fire,,run-away,flash-fire,flame-body,#F08030,,,ground,,1,,32,8,quadruped,1370,1516,84,1516,50,UNCOMMON
78,Rapidash,500,65,100,70,80,80,105,FIRE,Ponyta,Gallop,078.png,http://assets.pokemon.com/assets/cms2/img/pokedex/full/078.png,1,78,17,950,175,fire,,run-away,flash-fire,flame-body,#F08030,,,ground,,1,77,32,8,quadruped,2024,2199,108,2199,0,RARE
79,Slowpoke,315,90,65,65,40,40,15,"WATER,PSYCHIC",Egg,Yadon,079.png,http://assets.pokemon.com/assets/cms2/img/pokedex/full/079.png,1,79,12,360,63,water,psychic,oblivious,own-tempo,regenerator,#6890F0,#F85888,#8A82D6,monster,water1,1,,33,8,quadruped,1089,1218,148,1218,50,COMMON
80,Slowbro,490,95,75,110,100,80,30,"WATER,PSYCHIC",Slowpoke,Yadoran,080.png,http://assets.pokemon.com/assets/cms2/img/pokedex/full/080.png,1,80,16,785,172,water,psychic,oblivious,own-tempo,regenerator,#6890F0,#F85888,#8A82D6,monster,water1,1,79,33,6,upright,2409,2597,156,2597,0,VERY RARE
81,Magnemite,325,25,35,70,95,55,45,"ELECTRIC,STEEL",Egg,Coil,081.png,http://assets.pokemon.com/assets/cms2/img/pokedex/full/081.png,1,81,3,60,65,electric,steel,magnet-pull,sturdy,analytic,#F8D030,#B8B8D0,#E8CA56,mineral,,1,,34,4,arms,774,890,45,890,50,COMMON
82,Magneton,465,50,60,95,120,70,70,"ELECTRIC,STEEL",Magnemite,Rarecoil,082.png,http://assets.pokemon.com/assets/cms2/img/pokedex/full/082.png,1,82,10,600,163,electric,steel,magnet-pull,sturdy,analytic,#F8D030,#B8B8D0,#E8CA56,mineral,,1,81,34,11,heads,1715,1879,84,1879,0,UNCOMMON
83,Farfetch'd,352,52,65,55,58,62,60,"NORMAL,FLYING",Egg,Kamonegi,083.png,http://assets.pokemon.com/assets/cms2/img/pokedex/full/083.png,1,83,8,150,123,normal,flying,keen-eye,inner-focus,defiant,#A8A878,#A890F0,#A8A295,flying,ground,1,,35,9,wings,1133,1263,88,1263,0,RARE
84,Doduo,310,35,85,45,35,35,75,"NORMAL,FLYING",Egg,Dodo,084.png,http://assets.pokemon.com/assets/cms2/img/pokedex/full/084.png,1,84,14,392,62,normal,flying,run-away,early-bird,tangled-feet,#A8A878,#A890F0,#A8A295,flying,,1,,36,7,legs,746,855,61,855,50,COMMON
85,Dodrio,460,60,110,70,60,60,100,"NORMAL,FLYING",Doduo,Dodrio,085.png,http://assets.pokemon.com/assets/cms2/img/pokedex/full/085.png,1,85,18,852,161,normal,flying,run-away,early-bird,tangled-feet,#A8A878,#A890F0,#A8A295,flying,,1,84,36,7,legs,1677,1836,100,1836,0,RARE
86,Seel,325,65,45,55,45,70,45,WATER,Egg,Pawou,086.png,http://assets.pokemon.com/assets/cms2/img/pokedex/full/086.png,1,86,11,900,65,water,,thick-fat,hydration,ice-body,#6890F0,,,water1,ground,1,,37,3,fish,985,1107,108,1107,50,UNCOMMON
87,Dewgong,475,90,70,80,70,95,70,"WATER,ICE",Seel,Jugon,087.png,http://assets.pokemon.com/assets/cms2/img/pokedex/full/087.png,1,87,17,1200,166,water,ice,thick-fat,hydration,ice-body,#6890F0,#98D8D8,#73A1EA,water1,ground,1,86,37,3,fish,1975,2145,148,2145,0,VERY RARE
88,Grimer,325,80,80,50,40,50,25,POISON,Egg,Betbeter,088.png,http://assets.pokemon.com/assets/cms2/img/pokedex/full/088.png,1,88,9,300,65,poison,,stench,sticky-hold,poison-touch,#A040A0,,,indeterminate,,1,,38,4,arms,1152,1284,132,1284,50,UNCOMMON
89,Muk,500,105,105,75,65,100,50,POISON,Grimer,Betbeton,089.png,http://assets.pokemon.com/assets/cms2/img/pokedex/full/089.png,1,89,12,300,175,poison,,stench,sticky-hold,poison-touch,#A040A0,,,indeterminate,,1,88,38,4,arms,2414,2602,171,2602,0,VERY RARE
90,Shellder,305,30,65,100,45,25,40,WATER,Egg,Shellder,090.png,http://assets.pokemon.com/assets/cms2/img/pokedex/full/090.png,1,90,3,40,61,water,,shell-armor,skill-link,overcoat,#6890F0,,,water3,,1,,39,1,ball,715,822,53,822,50,UNCOMMON
91,Cloyster,525,50,95,180,85,45,70,"WATER,ICE",Shellder,Parshen,091.png,http://assets.pokemon.com/assets/cms2/img/pokedex/full/091.png,1,91,15,1325,184,water,ice,shell-armor,skill-link,overcoat,#6890F0,#98D8D8,#73A1EA,water3,,1,90,39,1,ball,1879,2052,84,2052,0,RARE
92,Gastly,310,30,35,30,100,35,80,"GHOST,POISON",Egg,Ghos,092.png,http://assets.pokemon.com/assets/cms2/img/pokedex/full/092.png,1,92,13,1,62,ghost,poison,levitate,,,#705898,#A040A0,#7B5299,indeterminate,,1,,40,1,ball,696,804,53,804,25,COMMON
93,Haunter,405,45,50,45,115,55,95,"GHOST,POISON",Gastly,Ghost,093.png,http://assets.pokemon.com/assets/cms2/img/pokedex/full/093.png,1,93,16,1,142,ghost,poison,levitate,,,#705898,#A040A0,#7B5299,indeterminate,,1,92,40,4,arms,1240,1380,77,1380,100,UNCOMMON
94,Gengar,500,60,65,60,130,75,110,"GHOST,POISON",Haunter,Gangar,094.png,http://assets.pokemon.com/assets/cms2/img/pokedex/full/094.png,1,94,15,405,225,ghost,poison,levitate,,,#705898,#A040A0,#7B5299,indeterminate,,1,93,40,6,upright,1907,2078,100,2078,0,VERY RARE
95,Onix,385,35,45,160,30,45,70,"ROCK,GROUND",Egg,Iwark,095.png,http://assets.pokemon.com/assets/cms2/img/pokedex/full/095.png,1,95,88,2100,77,rock,ground,rock-head,sturdy,weak-armor,#B8A038,#E0C068,#C1A743,mineral,,1,,41,2,squiggle,745,857,61,857,0,RARE
96,Drowzee,328,60,48,45,43,90,42,PSYCHIC,Egg,Sleep,096.png,http://assets.pokemon.com/assets/cms2/img/pokedex/full/096.png,1,96,10,324,66,psychic,,insomnia,forewarn,inner-focus,#F85888,,,humanshape,,1,,42,12,humanoid,955,1075,100,1075,50,COMMON
97,Hypno,483,85,73,70,73,115,67,PSYCHIC,Drowzee,Sleeper,097.png,http://assets.pokemon.com/assets/cms2/img/pokedex/full/097.png,1,97,16,756,169,psychic,,insomnia,forewarn,inner-focus,#F85888,,,humanshape,,1,96,42,12,humanoid,2012,2184,140,2184,0,RARE
98,Krabby,325,30,105,90,25,25,50,WATER,Egg,Crab,098.png,http://assets.pokemon.com/assets/cms2/img/pokedex/full/098.png,1,98,4,65,65,water,,hyper-cutter,shell-armor,sheer-force,#6890F0,,,water3,,1,,43,14,armor,686,792,53,792,50,COMMON
99,Kingler,475,55,130,115,50,50,75,WATER,Krabby,Kingler,099.png,http://assets.pokemon.com/assets/cms2/img/pokedex/full/099.png,1,99,13,600,166,water,,hyper-cutter,shell-armor,sheer-force,#6890F0,,,water3,,1,98,43,14,armor,1663,1823,92,1823,0,RARE
100,Voltorb,330,40,30,50,55,55,100,ELECTRIC,Egg,Biriridama,100.png,http://assets.pokemon.com/assets/cms2/img/pokedex/full/100.png,1,100,5,104,66,electric,,soundproof,static,aftermath,#F8D030,,,mineral,,1,,44,1,ball,733,839,69,839,50,COMMON
101,Electrode,480,60,50,70,80,80,140,ELECTRIC,Voltorb,Marumine,101.png,http://assets.pokemon.com/assets/cms2/img/pokedex/full/101.png,1,101,12,666,168,electric,,soundproof,static,aftermath,#F8D030,,,mineral,,1,100,44,1,ball,1496,1646,100,1646,0,UNCOMMON
102,Exeggcute,325,60,40,80,60,45,40,"GRASS,PSYCHIC",Egg,Tamatama,102.png,http://assets.pokemon.com/assets/cms2/img/pokedex/full/102.png,1,102,4,25,65,grass,psychic,chlorophyll,,harvest,#78C850,#F85888,#97AC5D,plant,,1,,45,11,heads,978,1099,100,1099,50,UNCOMMON
103,Exeggutor,520,95,95,85,125,65,55,"GRASS,PSYCHIC",Exeggcute,Nassy,103.png,http://assets.pokemon.com/assets/cms2/img/pokedex/full/103.png,1,103,20,1200,182,grass,psychic,chlorophyll,,harvest,#78C850,#F85888,#97AC5D,plant,,1,102,45,7,legs,2752,2955,156,2955,0,VERY RARE
104,Cubone,320,50,50,95,40,50,35,GROUND,Egg,Karakara,104.png,http://assets.pokemon.com/assets/cms2/img/pokedex/full/104.png,1,104,4,65,64,ground,,rock-head,lightning-rod,battle-armor,#E0C068,,,monster,,1,,46,6,upright,889,1006,84,1006,50,UNCOMMON
105,Marowak,425,60,80,110,50,80,45,GROUND,Cubone,Garagara,105.png,http://assets.pokemon.com/assets/cms2/img/pokedex/full/105.png,1,105,10,450,149,ground,,rock-head,lightning-rod,battle-armor,#E0C068,,,monster,,1,104,46,6,upright,1505,1656,100,1656,0,VERY RARE
106,Hitmonlee,455,50,120,53,35,110,87,FIGHTING,Tyrogue,Sawamular,106.png,http://assets.pokemon.com/assets/cms2/img/pokedex/full/106.png,1,106,15,498,159,fighting,,limber,reckless,unburden,#C03028,,,humanshape,,1,236,47,12,humanoid,1349,1492,84,1492,0,UNCOMMON
107,Hitmonchan,455,50,105,79,35,110,76,FIGHTING,Tyrogue,Ebiwalar,107.png,http://assets.pokemon.com/assets/cms2/img/pokedex/full/107.png,1,107,14,502,159,fighting,,keen-eye,iron-fist,inner-focus,#C03028,,,humanshape,,1,236,47,12,humanoid,1370,1516,84,1516,0,RARE
108,Lickitung,385,90,55,75,60,75,30,NORMAL,Egg,Beroringa,108.png,http://assets.pokemon.com/assets/cms2/img/pokedex/full/108.png,1,108,12,655,77,normal,,own-tempo,oblivious,cloud-nine,#A8A878,,,monster,,1,,48,6,upright,1477,1626,148,1626,0,RARE
109,Koffing,340,40,65,95,60,45,35,POISON,Egg,Dogars,109.png,http://assets.pokemon.com/assets/cms2/img/pokedex/full/109.png,1,109,6,10,68,poison,,levitate,,,#A040A0,,,indeterminate,,1,,49,1,ball,1025,1151,69,1151,50,UNCOMMON
110,Weezing,490,65,90,120,85,70,60,POISON,Koffing,Matadogas,110.png,http://assets.pokemon.com/assets/cms2/img/pokedex/full/110.png,1,110,12,95,172,poison,,levitate,,,#A040A0,,,indeterminate,,1,109,49,11,heads,2073,2250,108,2250,0,RARE
111,Rhyhorn,345,80,85,95,30,30,25,"GROUND,ROCK",Egg,Sihorn,111.png,http://assets.pokemon.com/assets/cms2/img/pokedex/full/111.png,1,111,10,1150,69,ground,rock,lightning-rod,rock-head,reckless,#E0C068,#B8A038,#D6B85C,monster,ground,1,,50,8,quadruped,1055,1182,132,1182,50,UNCOMMON
112,Rhydon,485,105,130,120,45,45,40,"GROUND,ROCK",Rhyhorn,Sidon,112.png,http://assets.pokemon.com/assets/cms2/img/pokedex/full/112.png,1,112,19,1200,170,ground,rock,lightning-rod,rock-head,reckless,#E0C068,#B8A038,#D6B85C,monster,ground,1,111,50,6,upright,2068,2243,171,2243,0,RARE
113,Chansey,450,250,5,5,35,105,50,NORMAL,"Egg, or Happiny",Lucky,113.png,http://assets.pokemon.com/assets/cms2/img/pokedex/full/113.png,1,113,11,346,395,normal,,natural-cure,serene-grace,healer,#A8A878,,,fairy,,1,440,51,6,upright,549,675,401,675,0,RARE
114,Tangela,435,65,55,115,100,40,60,GRASS,Egg,Monjara,114.png,http://assets.pokemon.com/assets/cms2/img/pokedex/full/114.png,1,114,10,350,87,grass,,chlorophyll,leaf-guard,regenerator,#78C850,,,plant,,1,,52,7,legs,1586,1739,108,1739,0,RARE
115,Kangaskhan,490,105,95,80,40,80,90,NORMAL,Egg,Garura,115.png,http://assets.pokemon.com/assets/cms2/img/pokedex/full/115.png,1,115,22,800,172,normal,,early-bird,scrappy,inner-focus,#A8A878,,,monster,,1,,53,6,upright,1875,2043,171,2043,0,VERY RARE
116,Horsea,295,30,40,70,70,25,60,WATER,Egg,Tattu,116.png,http://assets.pokemon.com/assets/cms2/img/pokedex/full/116.png,1,116,4,80,59,water,,swift-swim,sniper,damp,#6890F0,,,water1,dragon,1,,54,5,blob,688,794,53,794,50,UNCOMMON
117,Seadra,440,55,65,95,95,45,85,WATER,Horsea,Seadra,117.png,http://assets.pokemon.com/assets/cms2/img/pokedex/full/117.png,1,117,12,250,154,water,,poison-point,sniper,damp,#6890F0,,,water1,dragon,1,116,54,5,blob,1559,1713,92,1713,0,RARE
118,Goldeen,320,45,67,60,35,50,63,WATER,Egg,Tosakinto,118.png,http://assets.pokemon.com/assets/cms2/img/pokedex/full/118.png,1,118,6,150,64,water,,swift-swim,water-veil,lightning-rod,#6890F0,,,water2,,1,,55,3,fish,851,965,77,965,50,COMMON
119,Seaking,450,80,92,65,65,80,68,WATER,Goldeen,Azumao,119.png,http://assets.pokemon.com/assets/cms2/img/pokedex/full/119.png,1,119,13,390,158,water,,swift-swim,water-veil,lightning-rod,#6890F0,,,water2,,1,118,55,3,fish,1877,2043,132,2043,0,RARE
120,Staryu,340,30,45,55,70,55,85,WATER,Egg,Hitodeman,120.png,http://assets.pokemon.com/assets/cms2/img/pokedex/full/120.png,1,120,8,345,68,water,,illuminate,natural-cure,analytic,#6890F0,,,water3,,1,,56,5,blob,821,937,53,937,50,UNCOMMON
121,Starmie,520,60,75,85,100,85,115,"WATER,PSYCHIC",Staryu,Starmie,121.png,http://assets.pokemon.com/assets/cms2/img/pokedex/full/121.png,1,121,11,800,182,water,psychic,illuminate,natural-cure,analytic,#6890F0,#F85888,#8A82D6,water3,,1,120,56,5,blob,2007,2182,100,2182,0,RARE
122,Mr. Mime,460,40,45,65,100,120,90,"PSYCHIC,FAIRY","Egg, or Mime Jr.",Barrierd,122.png,http://assets.pokemon.com/assets/cms2/img/pokedex/full/122.png,1,122,13,545,161,psychic,fairy,soundproof,filter,technician,#F85888,#EE99AC,#F56790,humanshape,,1,439,57,12,humanoid,1345,1494,69,1494,0,RARE
123,Scyther,500,70,110,80,55,80,105,"BUG,FLYING",Egg,Strike,123.png,http://assets.pokemon.com/assets/cms2/img/pokedex/full/123.png,1,123,15,560,100,bug,flying,swarm,technician,steadfast,#A8B820,#A890F0,#A8AE52,bug,,1,,58,13,bug-wings,1905,2073,116,2073,0,RARE
124,Jynx,455,65,50,35,115,95,95,"ICE,PSYCHIC",Smoochum,Rougela,124.png,http://assets.pokemon.com/assets/cms2/img/pokedex/full/124.png,1,124,14,406,159,ice,psychic,oblivious,forewarn,dry-skin,#98D8D8,#F85888,#AFB8C4,humanshape,,1,238,59,12,humanoid,1563,1716,108,1716,0,UNCOMMON
125,Electabuzz,490,65,83,57,95,85,105,ELECTRIC,Elekid,Eleboo,125.png,http://assets.pokemon.com/assets/cms2/img/pokedex/full/125.png,1,125,11,300,172,electric,,static,,vital-spirit,#F8D030,,,humanshape,,1,239,60,6,upright,1947,2119,108,2119,0,RARE
126,Magmar,495,65,95,57,100,85,93,FIRE,Magby,Boober,126.png,http://assets.pokemon.com/assets/cms2/img/pokedex/full/126.png,1,126,13,445,173,fire,,flame-body,,vital-spirit,#F08030,,,humanshape,,1,240,61,6,upright,2086,2265,108,2265,0,RARE
127,Pinsir,500,65,125,100,55,70,85,BUG,Egg,Kailios,127.png,http://assets.pokemon.com/assets/cms2/img/pokedex/full/127.png,1,127,15,550,175,bug,,hyper-cutter,mold-breaker,moxie,#A8B820,,,bug,,1,,62,12,humanoid,1950,2121,108,2121,0,VERY RARE
128,Tauros,490,75,100,95,40,70,110,NORMAL,Egg,Kentauros,128.png,http://assets.pokemon.com/assets/cms2/img/pokedex/full/128.png,1,128,14,884,172,normal,,intimidate,anger-point,sheer-force,#A8A878,,,ground,,1,,63,8,quadruped,1686,1844,124,1844,0,EPIC
129,Magikarp,200,20,10,55,15,20,80,WATER,Egg,Koiking,129.png,http://assets.pokemon.com/assets/cms2/img/pokedex/full/129.png,1,129,9,100,40,water,,swift-swim,,rattled,#6890F0,,,water2,dragon,1,,64,3,fish,203,262,37,262,400,COMMON
130,Gyarados,540,95,125,79,60,100,81,"WATER,FLYING",Magikarp,Gyarados,130.png,http://assets.pokemon.com/assets/cms2/img/pokedex/full/130.png,1,130,65,2350,189,water,flying,intimidate,,moxie,#6890F0,#A890F0,#7790F0,water2,dragon,1,129,64,2,squiggle,2498,2688,156,2688,0,VERY RARE
131,Lapras,535,130,85,80,85,95,60,"WATER,ICE",Egg,Laplace,131.png,http://assets.pokemon.com/assets/cms2/img/pokedex/full/131.png,1,131,25,2200,187,water,ice,water-absorb,shell-armor,hydration,#6890F0,#98D8D8,#73A1EA,monster,water1,1,,65,3,fish,2777,2980,211,2980,0,VERY RARE
132,Ditto,288,48,48,48,48,48,48,NORMAL,,Metamon,132.png,http://assets.pokemon.com/assets/cms2/img/pokedex/full/132.png,1,132,3,40,101,normal,,limber,,imposter,#A8A878,,,ditto,,1,,66,1,ball,809,919,81,919,0,EPIC
133,Eevee,325,55,55,50,45,65,55,NORMAL,Egg,Eievui,133.png,http://assets.pokemon.com/assets/cms2/img/pokedex/full/133.png,1,133,3,65,65,normal,,run-away,adaptability,anticipation,#A8A878,,,ground,,1,,67,8,quadruped,957,1077,92,1077,25,COMMON
134,Vaporeon,525,130,65,60,110,95,65,WATER,Eevee,Showers,134.png,http://assets.pokemon.com/assets/cms2/img/pokedex/full/134.png,1,134,10,290,184,water,,water-absorb,,hydration,#6890F0,,,ground,,1,133,67,8,quadruped,2618,2816,211,2816,0,VERY RARE
135,Jolteon,525,65,65,60,110,95,130,ELECTRIC,Eevee,Thunders,135.png,http://assets.pokemon.com/assets/cms2/img/pokedex/full/135.png,1,135,8,245,184,electric,,volt-absorb,,quick-feet,#F8D030,,,ground,,1,133,67,8,quadruped,1968,2140,108,2140,0,RARE
136,Flareon,525,65,130,60,95,110,65,FIRE,Eevee,Booster,136.png,http://assets.pokemon.com/assets/cms2/img/pokedex/full/136.png,1,136,9,250,184,fire,,flash-fire,,guts,#F08030,,,ground,,1,133,67,8,quadruped,2448,2643,108,2643,0,RARE
137,Porygon,395,65,60,70,85,75,40,NORMAL,Egg,Porygon/Polygon,137.png,http://assets.pokemon.com/assets/cms2/img/pokedex/full/137.png,1,137,8,365,79,normal,,trace,download,analytic,#A8A878,,,mineral,,1,,68,7,legs,1540,1691,108,1691,0,RARE
138,Omanyte,355,35,40,100,90,55,35,"ROCK,WATER",Egg/helix fossil,Omnite,138.png,http://assets.pokemon.com/assets/cms2/img/pokedex/full/138.png,1,138,4,75,71,rock,water,swift-swim,shell-armor,weak-armor,#B8A038,#6890F0,#A49C64,water1,water3,1,,69,10,tentacles,992,1119,61,1119,50,RARE
139,Omastar,495,70,60,125,115,70,55,"ROCK,WATER",Omanyte,Omstar,139.png,http://assets.pokemon.com/assets/cms2/img/pokedex/full/139.png,1,139,10,350,173,rock,water,swift-swim,shell-armor,weak-armor,#B8A038,#6890F0,#A49C64,water1,water3,1,138,69,10,tentacles,2058,2233,116,2233,0,VERY RARE
140,Kabuto,355,30,80,90,55,45,55,"ROCK,WATER",Egg/dome fossil,Kabuto,140.png,http://assets.pokemon.com/assets/cms2/img/pokedex/full/140.png,1,140,5,115,71,rock,water,swift-swim,battle-armor,weak-armor,#B8A038,#6890F0,#A49C64,water1,water3,1,,70,14,armor,975,1104,53,1104,50,UNCOMMON
141,Kabutops,495,60,115,105,65,70,80,"ROCK,WATER",Kabuto,Kabutops,141.png,http://assets.pokemon.com/assets/cms2/img/pokedex/full/141.png,1,141,13,405,173,rock,water,swift-swim,battle-armor,weak-armor,#B8A038,#6890F0,#A49C64,water1,water3,1,140,70,6,upright,1957,2130,100,2130,0,VERY RARE
142,Aerodactyl,515,80,105,65,60,75,130,"ROCK,FLYING",Egg/old amber,Ptera,142.png,http://assets.pokemon.com/assets/cms2/img/pokedex/full/142.png,1,142,18,590,180,rock,flying,rock-head,pressure,unnerve,#B8A038,#A890F0,#B49C64,flying,,1,,71,9,wings,1994,2165,132,2165,0,RARE
143,Snorlax,540,160,110,65,65,110,30,NORMAL,"Egg, or Munchlax",Kabigon,143.png,http://assets.pokemon.com/assets/cms2/img/pokedex/full/143.png,1,143,21,4600,189,normal,,immunity,thick-fat,gluttony,#A8A878,,,monster,,1,446,72,12,humanoid,2901,3112,258,3112,0,RARE
144,Articuno,580,90,85,100,95,125,85,"ICE,FLYING",,Freezer,144.png,http://assets.pokemon.com/assets/cms2/img/pokedex/full/144.png,1,144,17,554,261,ice,flying,pressure,,snow-cloak,#98D8D8,#A890F0,#9BC6DD,no-eggs,,1,,73,9,wings,2776,2978,148,2978,0,LEGENDARY
145,Zapdos,580,90,90,85,125,90,100,"ELECTRIC,FLYING",,Thunder,145.png,http://assets.pokemon.com/assets/cms2/img/pokedex/full/145.png,1,145,16,526,261,electric,flying,pressure,,static,#F8D030,#A890F0,#E4C05E,no-eggs,,1,,74,9,wings,2907,3114,148,3114,0,LEGENDARY
146,Moltres,580,90,100,90,125,85,90,"FIRE,FLYING",,Fire,146.png,http://assets.pokemon.com/assets/cms2/img/pokedex/full/146.png,1,146,20,600,261,fire,flying,pressure,,flame-body,#F08030,#A890F0,#DE835E,no-eggs,,1,,75,9,wings,3028,3240,148,3240,0,LEGENDARY
147,Dratini,300,41,64,45,50,50,50,DRAGON,Egg,Miniryu,147.png,http://assets.pokemon.com/assets/cms2/img/pokedex/full/147.png,1,147,18,33,60,dragon,,shed-skin,,marvel-scale,#7038F8,,,water1,dragon,1,,76,2,squiggle,867,983,70,983,25,RARE
148,Dragonair,420,61,84,65,70,70,70,DRAGON,Dratini,Hakuryu,148.png,http://assets.pokemon.com/assets/cms2/img/pokedex/full/148.png,1,148,40,165,147,dragon,,shed-skin,,marvel-scale,#7038F8,,,water1,dragon,1,147,76,2,squiggle,1593,1747,102,1747,100,VERY RARE
149,Dragonite,600,91,134,95,100,100,80,"DRAGON,FLYING",Dragonair,Kairyu,149.png,http://assets.pokemon.com/assets/cms2/img/pokedex/full/149.png,1,149,22,2100,270,dragon,flying,inner-focus,,multiscale,#7038F8,#A890F0,#7D4DF6,water1,dragon,1,148,76,6,upright,3280,3500,149,3500,0,EPIC
150,Mewtwo,780,106,190,100,154,100,130,"PSYCHIC,FIGHTING",,Mewtwo,150.png,http://assets.pokemon.com/assets/cms2/img/pokedex/full/150.png,1,150,20,1220,306,psychic,,pressure,,unnerve,#F85888,,,no-eggs,,1,,77,6,upright,3904,4144,173,4144,0,LEGENDARY
151,Mew,600,100,100,100,100,100,100,PSYCHIC,,Mew,151.png,http://assets.pokemon.com/assets/cms2/img/pokedex/full/151.png,1,151,4,40,270,psychic,,synchronize,,,#F85888,,,no-eggs,,1,,78,6,upright,3087,3299,163,3299,0,MYTHIC